From,To,Label,Direction,Description,Tags,File_Path,File_Extension,Domain
comp_audit_standard,app_teams,APPLIES_POLICY,directed,Audit logging covers Teams activities.,Compliance,,,Compliance
comp_audit_standard,store_exchange,APPLIES_POLICY,directed,Audit logging covers Exchange activities.,Compliance,,,Compliance
comp_audit_standard,store_onedrive,APPLIES_POLICY,directed,Audit logging covers OneDrive activities.,Compliance,,,Compliance
comp_audit_standard,store_sharepoint,APPLIES_POLICY,directed,Audit logging covers SharePoint activities.,Compliance,,,Compliance
comp_dlp_policy,app_copilot,APPLIES_POLICY,directed,DLP policies apply to Copilot responses.,Compliance;DLP,,,Compliance
comp_dlp_policy,app_power_bi,APPLIES_POLICY,directed,DLP policies apply to Power BI.,Compliance;DLP,,,Compliance
comp_dlp_policy,app_teams,APPLIES_POLICY,directed,DLP policies apply to Teams.,Compliance;DLP,,,Compliance
comp_dlp_policy,store_exchange,APPLIES_POLICY,directed,DLP policies apply to Exchange.,Compliance;DLP,,,Compliance
comp_dlp_policy,store_onedrive,APPLIES_POLICY,directed,DLP policies apply to OneDrive.,Compliance;DLP,,,Compliance
comp_dlp_policy,store_sharepoint,APPLIES_POLICY,directed,DLP policies apply to SharePoint.,Compliance;DLP,,,Compliance
comp_info_barriers,app_teams,APPLIES_POLICY,directed,Information Barriers apply to Teams.,Compliance,,,Compliance
comp_info_barriers,store_onedrive,APPLIES_POLICY,directed,Information Barriers apply to OneDrive.,Compliance,,,Compliance
comp_info_barriers,store_sharepoint,APPLIES_POLICY,directed,Information Barriers apply to SharePoint.,Compliance,,,Compliance
comp_retention_policy,app_copilot,APPLIES_POLICY,directed,Retention policies apply to Copilot interactions.,Compliance,,,Compliance
comp_retention_policy,app_loop,APPLIES_POLICY,directed,Retention policies apply to Loop content.,Compliance,,,Compliance
comp_retention_policy,app_teams,APPLIES_POLICY,directed,Retention policies apply to Teams.,Compliance,,,Compliance
comp_retention_policy,app_viva_engage,APPLIES_POLICY,directed,Retention policies apply to Viva Engage.,Compliance,,,Compliance
comp_retention_policy,store_exchange,APPLIES_POLICY,directed,Retention policies apply to Exchange.,Compliance,,,Compliance
comp_retention_policy,store_onedrive,APPLIES_POLICY,directed,Retention policies apply to OneDrive.,Compliance,,,Compliance
comp_retention_policy,store_sharepoint,APPLIES_POLICY,directed,Retention policies apply to SharePoint.,Compliance,,,Compliance
comp_sensitivity_label,app_copilot,APPLIES_POLICY,directed,Sensitivity labels respected by Copilot.,Compliance,,,Compliance
comp_sensitivity_label,app_excel,APPLIES_POLICY,directed,Sensitivity labels apply to Excel files.,Compliance,,,Compliance
comp_sensitivity_label,app_loop,APPLIES_POLICY,directed,Sensitivity labels apply to Loop.,Compliance,,,Compliance
comp_sensitivity_label,app_outlook,APPLIES_POLICY,directed,Sensitivity labels apply to emails.,Compliance,,,Compliance
comp_sensitivity_label,app_power_bi,APPLIES_POLICY,directed,Sensitivity labels apply to Power BI.,Compliance,,,Compliance
comp_sensitivity_label,app_powerpoint,APPLIES_POLICY,directed,Sensitivity labels apply to PowerPoint files.,Compliance,,,Compliance
comp_sensitivity_label,app_teams,APPLIES_POLICY,directed,Sensitivity labels apply to Teams.,Compliance,,,Compliance
comp_sensitivity_label,app_word,APPLIES_POLICY,directed,Sensitivity labels apply to Word docs.,Compliance,,,Compliance
comp_sensitivity_label,id_m365_group,APPLIES_POLICY,directed,Sensitivity labels apply to M365 Groups.,Compliance,,,Compliance
comp_sensitivity_label,store_sharepoint,APPLIES_POLICY,directed,Sensitivity labels apply to SharePoint sites.,Compliance,,,Compliance
store_sharepoint,store_m365_archive,ARCHIVED_IN,directed,Inactive SharePoint sites archived to M365 Archive.,Storage,,,Storage
site_hub,site_communication,ASSOCIATED_WITH,directed,Hub site can associate communication sites.,SharePoint_Online,,,SharePoint
site_hub,site_team,ASSOCIATED_WITH,directed,Hub site can associate team sites.,SharePoint_Online,,,SharePoint
store_exchange,store_m365_backup,BACKED_UP_TO,directed,Exchange backed up via M365 Backup.,Storage,,,Storage
store_onedrive,store_m365_backup,BACKED_UP_TO,directed,OneDrive backed up via M365 Backup.,Storage,,,Storage
store_sharepoint,store_m365_backup,BACKED_UP_TO,directed,SharePoint backed up via M365 Backup.,Storage,,,Storage
store_dataverse,store_azure_cosmos,BACKEND_STORAGE,directed,Dataverse uses Cosmos DB for certain data.,Infrastructure,,,Infrastructure
store_dataverse,store_azure_sql,BACKEND_STORAGE,directed,Dataverse uses Azure SQL as primary backend.,Infrastructure,,,Infrastructure
store_exchange,store_azure_blob,BACKEND_STORAGE,directed,Exchange uses Azure infrastructure.,Infrastructure,,,Infrastructure
store_onedrive,store_azure_blob,BACKEND_STORAGE,directed,OneDrive stores files in Azure Blob Storage.,Infrastructure,,,Infrastructure
store_sharepoint,store_azure_blob,BACKEND_STORAGE,directed,SharePoint stores files in Azure Blob Storage.,Infrastructure,,,Infrastructure
store_teams_service,store_azure_cosmos,BACKEND_STORAGE,directed,Teams Service uses Azure Cosmos DB for messages.,Infrastructure,,,Infrastructure
feat_channel_conversations,id_m365_group,BOUND_TO_IDENTITY,directed,Channel conversations bound to M365 Group.,Teams,,,Teams
feat_channel_files_general,id_m365_group,BOUND_TO_IDENTITY,directed,General channel files bound to M365 Group.,Teams,,,Teams
feat_channel_files_private,id_m365_group,BOUND_TO_IDENTITY,directed,Private channel files bound to M365 Group.,Teams,,,Teams
feat_channel_files_shared,id_m365_group,BOUND_TO_IDENTITY,directed,Shared channel files bound to M365 Group.,Teams,,,Teams
feat_channel_general,id_m365_group,BOUND_TO_IDENTITY,directed,General channel bound to M365 Group.,Teams,,,Teams
feat_channel_private,id_m365_group,BOUND_TO_IDENTITY,directed,Private channel bound to M365 Group.,Teams,,,Teams
feat_channel_shared,id_m365_group,BOUND_TO_IDENTITY,directed,Shared channel bound to M365 Group.,Teams,,,Teams
feat_chat_files,id_user_account,BOUND_TO_IDENTITY,directed,Chat files bound to user account.,Teams,,,Teams
feat_chat_messages,id_user_account,BOUND_TO_IDENTITY,directed,Chat messages bound to user account.,Teams,,,Teams
feat_meeting_recordings_channel,id_m365_group,BOUND_TO_IDENTITY,directed,Channel recordings bound to M365 Group.,Teams,,,Teams
feat_meeting_recordings_private,id_user_account,BOUND_TO_IDENTITY,directed,Private recordings bound to user account.,Teams,,,Teams
feat_meeting_transcriptions_channel,id_m365_group,BOUND_TO_IDENTITY,directed,Channel transcriptions bound to M365 Group.,Teams,,,Teams
feat_meeting_transcriptions_private,id_user_account,BOUND_TO_IDENTITY,directed,Private transcriptions bound to user account.,Teams,,,Teams
mbox_group,id_m365_group,BOUND_TO_IDENTITY,directed,Group mailbox bound to M365 Group.,Exchange_Online;Identity,,,Exchange
mbox_user,id_user_account,BOUND_TO_IDENTITY,directed,User mailbox bound to user account.,Exchange_Online;Identity,,,Exchange
site_communication,id_sp_permission_group,BOUND_TO_IDENTITY,directed,Communication sites use SharePoint permission groups.,SharePoint_Online;Identity,,,SharePoint
site_onedrive,id_user_account,BOUND_TO_IDENTITY,directed,OneDrive site bound to user account.,SharePoint_Online;Identity,,,SharePoint
site_team,id_m365_group,BOUND_TO_IDENTITY,directed,Team sites bound to M365 Group.,SharePoint_Online;Identity,,,SharePoint
feat_loop_pages,feat_loop_components,CONTAINS,directed,Pages contain components.,Loop,,,Loop
feat_loop_workspace,feat_loop_pages,CONTAINS,directed,Workspace contains pages.,Loop,,,Loop
feat_meeting_recordings,feat_meeting_recordings_channel,CONTAINS,directed,Recordings include channel recordings.,Teams,,,Teams
feat_meeting_recordings,feat_meeting_recordings_private,CONTAINS,directed,Recordings include private recordings.,Teams,,,Teams
feat_meeting_transcriptions,feat_meeting_transcriptions_channel,CONTAINS,directed,Transcriptions include channel transcriptions.,Teams,,,Teams
feat_meeting_transcriptions,feat_meeting_transcriptions_private,CONTAINS,directed,Transcriptions include private transcriptions.,Teams,,,Teams
feat_teams_channels,feat_channel_general,CONTAINS,directed,Channels contain General channel.,Teams,,,Teams
feat_teams_channels,feat_channel_private,CONTAINS,directed,Channels contain Private channels.,Teams,,,Teams
feat_teams_channels,feat_channel_shared,CONTAINS,directed,Channels contain Shared channels.,Teams,,,Teams
feat_teams_chat,feat_chat_files,CONTAINS,directed,Chat contains shared files.,Teams,,,Teams
feat_teams_chat,feat_chat_messages,CONTAINS,directed,Chat contains messages.,Teams,,,Teams
id_m365_group,id_user_account,CONTAINS,directed,M365 Group contains user accounts as members.,Identity,,,Identity
app_approvals,store_dataverse,DATA_STORED_IN,directed,Approval data stored in Dataverse.,Teams,,,Teams
app_bookings,store_exchange,DATA_STORED_IN,directed,Bookings data stored in Exchange Online.,Microsoft 365,,,Microsoft 365
app_clipchamp,store_onedrive,DATA_STORED_IN,directed,Clipchamp videos stored in OneDrive.,Microsoft 365,OneDrive/Videos/Clipchamp,.mp4,Microsoft 365
app_copilot_notebooks,store_spe_user,DATA_STORED_IN,directed,Copilot Notebooks stored in user SharePoint Embedded.,Copilot,,,Copilot
app_copilot_pages,store_spe_shared,DATA_STORED_IN,directed,Copilot Pages stored in SharePoint Embedded.,Copilot,,,Copilot
app_copilot_studio,store_dataverse,DATA_STORED_IN,directed,Copilot Studio agent definitions stored in Dataverse.,Copilot;Agents,,,Copilot
app_designer,store_spe_user,DATA_STORED_IN,directed,Designer files stored in user-owned SharePoint Embedded.,Microsoft 365,,,Microsoft 365
app_employee_self_service_agent,store_dataverse,DATA_STORED_IN,directed,Self-service agent config stored in Dataverse.,Copilot;Agents,,,Copilot
app_excel,store_onedrive,DATA_STORED_IN,directed,Excel files stored in OneDrive.,Microsoft 365,OneDrive/Documents,.xlsx,Microsoft 365
app_excel,store_sharepoint,DATA_STORED_IN,directed,Excel files stored in SharePoint.,Microsoft 365,Document Library,.xlsx,Microsoft 365
app_forms,store_azure_cosmos,DATA_STORED_IN,directed,Forms responses stored in Azure Cosmos DB.,Microsoft 365,,,Microsoft 365
app_loop,store_spe_shared,DATA_STORED_IN,directed,Loop Workspaces stored in SharePoint Embedded (shared).,Loop,/sites/LoopWorkspace/Documents,.loop;.fluid,Loop
app_onedrive,store_onedrive,DATA_STORED_IN,directed,OneDrive app uses OneDrive for Business storage.,Microsoft 365,,,Microsoft 365
app_onenote,store_onedrive,DATA_STORED_IN,directed,Personal OneNote notebooks stored in OneDrive.,Microsoft 365,OneDrive/Notebooks,.one,Microsoft 365
app_onenote,store_sharepoint,DATA_STORED_IN,directed,Group OneNote notebooks stored in SharePoint.,Microsoft 365,Site Assets,.one,Microsoft 365
app_outlook,store_exchange,DATA_STORED_IN,directed,Outlook data stored in Exchange Online.,Microsoft 365,,,Microsoft 365
app_planner,store_azure_cosmos,DATA_STORED_IN,directed,Planner task data stored in Azure infrastructure.,Microsoft 365,,,Microsoft 365
app_power_apps,store_dataverse,DATA_STORED_IN,directed,Power Apps data stored in Dataverse.,Power_Platform,,,Power Platform
app_power_automate,store_dataverse,DATA_STORED_IN,directed,Power Automate flow definitions in Dataverse.,Power_Platform,,,Power Platform
app_power_bi,store_azure_sql,DATA_STORED_IN,directed,Power BI datasets stored in Azure SQL.,Power_Platform,,,Power Platform
app_powerpoint,store_onedrive,DATA_STORED_IN,directed,PowerPoint files stored in OneDrive.,Microsoft 365,OneDrive/Documents,.pptx,Microsoft 365
app_powerpoint,store_sharepoint,DATA_STORED_IN,directed,PowerPoint files stored in SharePoint.,Microsoft 365,Document Library,.pptx,Microsoft 365
app_sharepoint,store_sharepoint,DATA_STORED_IN,directed,SharePoint app uses SharePoint Online storage.,Microsoft 365,,,Microsoft 365
app_shifts,store_azure_cosmos,DATA_STORED_IN,directed,Shifts schedule data stored in Azure infrastructure.,Teams,,,Teams
app_stream,store_onedrive,DATA_STORED_IN,directed,Personal Stream videos stored in OneDrive.,Microsoft 365,OneDrive/Recordings,.mp4,Microsoft 365
app_stream,store_sharepoint,DATA_STORED_IN,directed,Stream videos stored in SharePoint.,Microsoft 365,Document Library,.mp4,Microsoft 365
app_teams,store_exchange,DATA_STORED_IN,directed,Teams stores compliance copies in Exchange Online.,Teams,,,Teams
app_teams,store_onedrive,DATA_STORED_IN,directed,Teams chat files stored in OneDrive for Business.,Teams,OneDrive/Microsoft Teams Chat Files,,Teams
app_teams,store_sharepoint,DATA_STORED_IN,directed,Teams channel files stored in SharePoint Online.,Teams,,,Teams
app_teams,store_teams_service,DATA_STORED_IN,directed,Teams active messages stored in Teams Service backend.,Teams,,,Teams
app_todo,store_exchange,DATA_STORED_IN,directed,To Do tasks stored in Exchange Online (Tasks folder).,Microsoft 365,,,Microsoft 365
app_viva_connections,store_sharepoint,DATA_STORED_IN,directed,Viva Connections content stored in SharePoint.,Viva,,,Viva
app_viva_engage,store_azure_cosmos,DATA_STORED_IN,directed,Viva Engage messages stored in Azure infrastructure.,Viva,,,Viva
app_viva_learning,store_sharepoint,DATA_STORED_IN,directed,Viva Learning custom content in SharePoint.,Viva,,,Viva
app_whiteboard,store_onedrive,DATA_STORED_IN,directed,Whiteboard files stored in OneDrive.,Microsoft 365,OneDrive/Whiteboards,.whiteboard,Microsoft 365
app_word,store_onedrive,DATA_STORED_IN,directed,Word files stored in OneDrive.,Microsoft 365,OneDrive/Documents,.docx,Microsoft 365
app_word,store_sharepoint,DATA_STORED_IN,directed,Word files stored in SharePoint.,Microsoft 365,Document Library,.docx,Microsoft 365
feat_bookings_mailbox,store_exchange,DATA_STORED_IN,directed,Bookings data stored in dedicated Exchange mailbox.,scheduling,,,Bookings
feat_channel_conversations,store_teams_service,DATA_STORED_IN,directed,Channel conversations stored in Teams Service.,Teams,,,Teams
feat_channel_files_general,store_sharepoint,DATA_STORED_IN,directed,General channel files stored in SharePoint.,Teams,/sites/TeamSite/Shared Documents/General,,Teams
feat_channel_files_private,store_sharepoint,DATA_STORED_IN,directed,Private channel files stored in separate SharePoint site.,Teams,/sites/TeamSite-ChannelName/Shared Documents,,Teams
feat_channel_files_shared,store_sharepoint,DATA_STORED_IN,directed,Shared channel files stored in separate SharePoint site.,Teams,/sites/TeamSite-ChannelName/Shared Documents,,Teams
feat_chat_files,store_onedrive,DATA_STORED_IN,directed,Chat files stored in sender's OneDrive.,Teams,OneDrive/Microsoft Teams Chat Files,,Teams
feat_chat_messages,store_teams_service,DATA_STORED_IN,directed,Chat messages stored in Teams Service backend.,Teams,,,Teams
feat_clipchamp_projects,store_onedrive,DATA_STORED_IN,directed,Clipchamp projects stored in user's OneDrive.,video,OneDrive/Clipchamp,,Clipchamp
feat_copilot_interactions,store_exchange,DATA_STORED_IN,directed,Copilot prompts and responses stored as compliance copies in user mailbox.,compliance,DiscoveryHolds (Hidden folder),,Copilot
feat_exo_calendar,store_exchange,DATA_STORED_IN,directed,Calendar items stored in Exchange.,Exchange_Online,,,Exchange
feat_exo_contacts,store_exchange,DATA_STORED_IN,directed,Contacts stored in Exchange.,Exchange_Online,,,Exchange
feat_exo_email,store_exchange,DATA_STORED_IN,directed,Email stored in Exchange Online.,Exchange_Online,,,Exchange
feat_exo_tasks,store_exchange,DATA_STORED_IN,directed,Tasks stored in Exchange.,Exchange_Online,,,Exchange
feat_forms_responses,store_regional_dc,DATA_STORED_IN,directed,Forms data stored in regional Microsoft datacenters.,regional,,,Forms
feat_loop_workspace,store_spe_shared,DATA_STORED_IN,directed,Loop Workspaces stored in SharePoint Embedded.,Loop,/sites/LoopWorkspace/Documents,.loop;.fluid,Loop
feat_meeting_recordings_channel,store_sharepoint,DATA_STORED_IN,directed,Channel meeting recordings stored in SharePoint.,Teams,/sites/TeamSite/Shared Documents/Recordings,.mp4,Teams
feat_meeting_recordings_private,store_onedrive,DATA_STORED_IN,directed,Private meeting recordings stored in OneDrive.,Teams,OneDrive/Recordings,.mp4,Teams
feat_meeting_transcriptions_channel,store_sharepoint,DATA_STORED_IN,directed,Channel meeting transcriptions stored in SharePoint.,Teams,/sites/TeamSite/Shared Documents/Recordings,.vtt,Teams
feat_meeting_transcriptions_private,store_onedrive,DATA_STORED_IN,directed,Private meeting transcriptions stored in OneDrive.,Teams,OneDrive/Recordings,.vtt,Teams
feat_planner_tasks,store_regional_dc,DATA_STORED_IN,directed,Planner task metadata stored in regional datacenters.,regional,,,Planner
feat_planner_tasks,store_sharepoint,DATA_STORED_IN,directed,Planner task attachments stored in SharePoint.,collaboration,/sites/TeamSite/Planner,,Planner
feat_sp_document_library,store_sharepoint,DATA_STORED_IN,directed,Document libraries stored in SharePoint.,SharePoint_Online,,,SharePoint
feat_sp_lists,store_sharepoint,DATA_STORED_IN,directed,SharePoint lists stored in SharePoint.,SharePoint_Online,,,SharePoint
feat_sp_pages,store_sharepoint,DATA_STORED_IN,directed,SharePoint pages stored in SharePoint.,SharePoint_Online,,,.aspx
feat_sway_content,store_exchange,DATA_STORED_IN,directed,Sway content stored as compliance copies in user mailbox.,compliance,,,Sway
feat_teams_call_history,store_azure_cosmos,DATA_STORED_IN,directed,Call history stored in Azure Cosmos DB.,Teams,,,Teams
feat_teams_cdr,store_exchange,DATA_STORED_IN,directed,Call Detail Records stored in Exchange Online mailboxes.,compliance,DiscoveryHolds (Hidden folder),,Teams
feat_teams_channel_compliance,store_exchange,DATA_STORED_IN,directed,Standard/shared channel compliance copies stored in group Exchange mailbox.,compliance,DiscoveryHolds (Hidden folder),,Teams
feat_teams_channel_email,store_sharepoint,DATA_STORED_IN,directed,Emails forwarded to channel stored in Team SharePoint site.,collaboration,/sites/TeamSite/EmailMessages,,Teams
feat_teams_channel_onenote,store_sharepoint,DATA_STORED_IN,directed,Channel OneNote stored in Team SharePoint site.,collaboration,/sites/TeamSite/Shared Documents,,Teams
feat_teams_channel_planner,store_sharepoint,DATA_STORED_IN,directed,Planner attachments stored in Team SharePoint site.,collaboration,/sites/TeamSite/Planner,,Teams
feat_teams_chat_compliance,store_exchange,DATA_STORED_IN,directed,1:1 and group chat compliance copies stored in user Exchange mailbox.,compliance,DiscoveryHolds (Hidden folder),,Teams
feat_teams_meeting_chat_compliance,store_exchange,DATA_STORED_IN,directed,Meeting chat compliance copies stored in Exchange mailboxes.,compliance,DiscoveryHolds (Hidden folder),,Teams
feat_teams_meeting_notes,store_onedrive,DATA_STORED_IN,directed,Private meeting notes stored in organiser's OneDrive.,collaboration,OneDrive/Microsoft Teams Data,,Teams
feat_teams_meeting_notes,store_sharepoint,DATA_STORED_IN,directed,Channel meeting notes stored in Team SharePoint site.,collaboration,/sites/TeamSite/Teams Wiki Data,,Teams
feat_teams_meeting_polls,store_onedrive,DATA_STORED_IN,directed,Meeting polls stored via Forms in poll creator's account.,collaboration,,,Teams
feat_teams_meeting_whiteboard,store_onedrive,DATA_STORED_IN,directed,Meeting whiteboard stored in organiser's OneDrive.,collaboration,OneDrive/Whiteboards,,Teams
feat_teams_private_channel_compliance,store_exchange,DATA_STORED_IN,directed,Private channel compliance copies stored in group mailbox (Sep 2025).,compliance,DiscoveryHolds (Hidden folder),,Teams
feat_teams_town_hall,store_onedrive,DATA_STORED_IN,directed,Town Hall recordings stored in organiser's OneDrive.,Teams,OneDrive/Recordings,.mp4,Teams
feat_teams_voicemail,store_exchange,DATA_STORED_IN,directed,Voicemail stored in user mailbox.,Teams,,,Teams
feat_teams_webinar,store_onedrive,DATA_STORED_IN,directed,Webinar recordings stored in organiser's OneDrive.,Teams,OneDrive/Recordings,.mp4,Teams
feat_whiteboard_files,store_onedrive,DATA_STORED_IN,directed,Whiteboard files stored in user's OneDrive.,personal,OneDrive/Whiteboards,,Whiteboard
mbox_archive,store_exchange_archive,DATA_STORED_IN,directed,Archive mailboxes in Exchange Online Archive.,Exchange_Online,,,Exchange
mbox_group,store_exchange,DATA_STORED_IN,directed,Group mailboxes hosted in Exchange.,Exchange_Online,,,Exchange
mbox_inactive,store_exchange,DATA_STORED_IN,directed,Inactive mailboxes hosted in Exchange.,Exchange_Online,,,Exchange
mbox_public_folder,store_exchange,DATA_STORED_IN,directed,Public folder mailboxes hosted in Exchange.,Exchange_Online,,,Exchange
mbox_resource,store_exchange,DATA_STORED_IN,directed,Resource mailboxes hosted in Exchange.,Exchange_Online,,,Exchange
mbox_shared,store_exchange,DATA_STORED_IN,directed,Shared mailboxes hosted in Exchange.,Exchange_Online,,,Exchange
mbox_user,store_exchange,DATA_STORED_IN,directed,User mailboxes hosted in Exchange.,Exchange_Online,,,Exchange
site_channel_private,store_sharepoint,DATA_STORED_IN,directed,Private channel gets own SharePoint site.,SharePoint_Online,,,SharePoint
site_channel_shared,store_sharepoint,DATA_STORED_IN,directed,Shared channel gets own SharePoint site.,SharePoint_Online,,,SharePoint
site_channel_standard,store_sharepoint,DATA_STORED_IN,directed,Standard channel uses team's SharePoint site.,SharePoint_Online,,,SharePoint
site_communication,store_sharepoint,DATA_STORED_IN,directed,Communication sites are SharePoint sites.,SharePoint_Online,,,SharePoint
site_hub,store_sharepoint,DATA_STORED_IN,directed,Hub sites are SharePoint sites.,SharePoint_Online,,,SharePoint
site_onedrive,store_sharepoint,DATA_STORED_IN,directed,OneDrive site is a SharePoint site collection.,SharePoint_Online,,,SharePoint
site_team,store_sharepoint,DATA_STORED_IN,directed,Team sites are SharePoint sites.,SharePoint_Online,,,SharePoint
subset_list_personal,store_onedrive,DATA_STORED_IN,directed,Personal lists stored in OneDrive.,Microsoft 365,,,Microsoft 365
subset_list_site,store_sharepoint,DATA_STORED_IN,directed,Site lists stored in SharePoint.,Microsoft 365,,,Microsoft 365
subset_onenote_group,store_sharepoint,DATA_STORED_IN,directed,Group OneNote stored in team's SharePoint site.,Microsoft 365,Site Assets/Notebook,.one,Microsoft 365
subset_onenote_personal,store_onedrive,DATA_STORED_IN,directed,Personal OneNote stored in user's OneDrive.,Microsoft 365,OneDrive/Notebooks,.one,Microsoft 365
app_autonomous_agent,feat_studio_actions,DEPENDS_ON,directed,Autonomous agents depend on actions for execution.,Copilot;Agents,,,Copilot
comp_sit,comp_dlp_policy,DEPENDS_ON,directed,DLP policies depend on Sensitive Information Types.,Compliance;DLP,,,Compliance
comp_sit,comp_sensitivity_label,DEPENDS_ON,directed,Auto-labelling depends on Sensitive Information Types.,Compliance,,,Compliance
comp_trainable_classifiers,comp_dlp_policy,DEPENDS_ON,directed,DLP can use trainable classifiers.,Compliance;DLP,,,Compliance
feat_loop_workspace,id_m365_group,DEPENDS_ON,directed,Loop Workspace depends on M365 Group for identity.,Loop,,,Loop
tech_semantic_index,svc_search,DEPENDS_ON,directed,Semantic Index depends on Search Service for indexing.,Technology,,,Technology
tech_semantic_index,tech_graph,DEPENDS_ON,directed,Semantic Index depends on Graph for data.,Technology,,,Technology
tech_semantic_index,tech_substrate_sdf,DEPENDS_ON,directed,Semantic Index depends on Substrate Data Fabric.,Technology,,,Technology
app_teams,id_m365_group,DEPENDS_ON_IDENTITY,directed,Teams depends on Microsoft 365 Group.,Teams,,,Teams
app_copilot_studio,svc_entra,DEPENDS_ON_SERVICE,directed,Copilot Studio depends on Entra ID for auth.,Identity,,,Identity
app_entra_id,svc_entra,DEPENDS_ON_SERVICE,directed,Entra ID app depends on Entra ID Service.,Identity,,,Identity
app_microsoft_search,svc_search,DEPENDS_ON_SERVICE,directed,Microsoft Search depends on Search Service.,Search,,,Search
app_power_apps,store_dataverse,DEPENDS_ON_SERVICE,directed,Power Apps depends on Dataverse.,Power_Platform,,,Power Platform
app_power_apps,svc_entra,DEPENDS_ON_SERVICE,directed,Power Apps depends on Entra ID for authentication.,Identity,,,Identity
app_power_automate,store_dataverse,DEPENDS_ON_SERVICE,directed,Power Automate depends on Dataverse.,Power_Platform,,,Power Platform
app_sharepoint,svc_entra,DEPENDS_ON_SERVICE,directed,SharePoint depends on Entra ID for authentication.,Identity,,,Identity
app_teams,svc_entra,DEPENDS_ON_SERVICE,directed,Teams depends on Entra ID for authentication.,Identity,,,Identity
store_exchange,svc_entra,DEPENDS_ON_SERVICE,directed,Exchange depends on Entra ID for authentication.,Identity,,,Identity
comp_content_search,app_teams,DISCOVERED_BY,directed,Content Search can search Teams.,Compliance,,,Compliance
comp_content_search,store_exchange,DISCOVERED_BY,directed,Content Search can search Exchange.,Compliance,,,Compliance
comp_content_search,store_onedrive,DISCOVERED_BY,directed,Content Search can search OneDrive.,Compliance,,,Compliance
comp_content_search,store_sharepoint,DISCOVERED_BY,directed,Content Search can search SharePoint.,Compliance,,,Compliance
comp_ediscovery,app_loop,DISCOVERED_BY,directed,Loop content discoverable via eDiscovery.,Compliance;eDiscovery,,,Compliance
comp_ediscovery,app_teams,DISCOVERED_BY,directed,Teams content discoverable via eDiscovery.,Compliance;eDiscovery,,,Compliance
comp_ediscovery,app_viva_engage,DISCOVERED_BY,directed,Viva Engage content discoverable via eDiscovery.,Compliance;eDiscovery,,,Compliance
comp_ediscovery,store_exchange,DISCOVERED_BY,directed,Exchange content discoverable via eDiscovery.,Compliance;eDiscovery,,,Compliance
comp_ediscovery,store_onedrive,DISCOVERED_BY,directed,OneDrive content discoverable via eDiscovery.,Compliance;eDiscovery,,,Compliance
comp_ediscovery,store_sharepoint,DISCOVERED_BY,directed,SharePoint content discoverable via eDiscovery.,Compliance;eDiscovery,,,Compliance
app_outlook,feat_exo_calendar,GENERATES,directed,Outlook generates calendar items.,Exchange_Online,,,Exchange
app_outlook,feat_exo_contacts,GENERATES,directed,Outlook generates contacts.,Exchange_Online,,,Exchange
app_outlook,feat_exo_email,GENERATES,directed,Outlook generates email messages.,Exchange_Online,,,Exchange
app_outlook,feat_exo_tasks,GENERATES,directed,Outlook generates tasks.,Exchange_Online,,,Exchange
app_copilot,tech_graph,GROUNDED_BY,directed,Copilot grounded by Microsoft Graph data.,Copilot,,,Copilot
app_copilot,tech_semantic_index,GROUNDED_BY,directed,Copilot grounded by Semantic Index.,Copilot,,,Copilot
app_knowledge_agent,tech_semantic_index,GROUNDED_BY,directed,Knowledge Agent uses Semantic Index for retrieval.,Copilot;Agents,,,Copilot
copilot_excel,tech_semantic_index,GROUNDED_BY,directed,Copilot in Excel grounded by Semantic Index.,Copilot,,,Copilot
copilot_outlook,tech_semantic_index,GROUNDED_BY,directed,Copilot in Outlook grounded by Semantic Index.,Copilot,,,Copilot
copilot_planner,tech_semantic_index,GROUNDED_BY,directed,Copilot in Planner grounded by Semantic Index.,Copilot,,,Copilot
copilot_powerpoint,tech_semantic_index,GROUNDED_BY,directed,Copilot in PowerPoint grounded by Semantic Index.,Copilot,,,Copilot
copilot_stream,tech_semantic_index,GROUNDED_BY,directed,Copilot in Stream grounded by Semantic Index.,Copilot,,,Copilot
copilot_teams,tech_semantic_index,GROUNDED_BY,directed,Copilot in Teams grounded by Semantic Index.,Copilot,,,Copilot
copilot_word,tech_semantic_index,GROUNDED_BY,directed,Copilot in Word grounded by Semantic Index.,Copilot,,,Copilot
feat_studio_orchestrator,tech_semantic_index,GROUNDED_BY,directed,Orchestrator uses Semantic Index for grounding.,Copilot;AI,,,Copilot
app_forms,store_exchange,HAS_COMPLIANCE_COPY,directed,Forms compliance copy stored in user mailbox.,Microsoft 365,,,Microsoft 365
app_planner,store_exchange,HAS_COMPLIANCE_COPY,directed,Planner compliance data via Group mailbox.,Microsoft 365,,,Microsoft 365
app_viva_engage,store_exchange,HAS_COMPLIANCE_COPY,directed,Viva Engage compliance copies in Exchange.,Viva,,,Viva
feat_channel_conversations,mbox_group,HAS_COMPLIANCE_COPY,directed,Compliance copy of channel conversations in group mailbox.,Teams;Compliance,,,Teams
feat_chat_messages,mbox_user,HAS_COMPLIANCE_COPY,directed,Compliance copy of chat messages in user mailbox.,Teams;Compliance,,,Teams
feat_forms_responses,store_exchange,HAS_COMPLIANCE_COPY,directed,Forms compliance copies stored in user mailbox.,compliance,,,Forms
feat_teams_call_history,mbox_user,HAS_COMPLIANCE_COPY,directed,Compliance copy of call records in user mailbox.,Teams;Compliance,,,Teams
feat_teams_voicemail,mbox_user,HAS_COMPLIANCE_COPY,directed,Compliance copy of voicemail in user mailbox.,Teams;Compliance,,,Teams
app_bookings,feat_bookings_mailbox,HAS_COMPONENT,directed,Bookings provisions a scheduling mailbox.,Exchange,,,Bookings
app_clipchamp,feat_clipchamp_projects,HAS_COMPONENT,directed,Clipchamp creates video projects.,video,,,Clipchamp
app_copilot,feat_copilot_interactions,HAS_COMPONENT,directed,Copilot stores interaction records.,compliance;AI,,,Copilot
app_copilot_studio,feat_studio_actions,HAS_COMPONENT,directed,Copilot Studio includes Actions.,Copilot;Agents,,,Copilot
app_copilot_studio,feat_studio_analytics,HAS_COMPONENT,directed,Copilot Studio includes agent analytics.,Copilot;Agents,,,Copilot
app_copilot_studio,feat_studio_authentication,HAS_COMPONENT,directed,Copilot Studio includes authentication config.,Copilot;Agents,,,Copilot
app_copilot_studio,feat_studio_channels,HAS_COMPONENT,directed,Copilot Studio includes publishing channels.,Copilot;Agents,,,Copilot
app_copilot_studio,feat_studio_dlp,HAS_COMPONENT,directed,Copilot Studio includes DLP controls.,Copilot;Agents,,,Copilot
app_copilot_studio,feat_studio_generative_ai,HAS_COMPONENT,directed,Copilot Studio includes Generative Answers.,Copilot;Agents,,,Copilot
app_copilot_studio,feat_studio_knowledge,HAS_COMPONENT,directed,Copilot Studio includes Knowledge Sources.,Copilot;Agents,,,Copilot
app_copilot_studio,feat_studio_orchestrator,HAS_COMPONENT,directed,Copilot Studio orchestrator routes prompts.,Copilot;Agents,,,Copilot
app_copilot_studio,feat_studio_plugins,HAS_COMPONENT,directed,Copilot Studio includes plugins and connectors.,Copilot;Agents,,,Copilot
app_copilot_studio,feat_studio_topics,HAS_COMPONENT,directed,Copilot Studio includes Topics.,Copilot;Agents,,,Copilot
app_custom_engine_agent,feat_agent_grounding,HAS_COMPONENT,directed,Custom engine agents use custom grounding.,Copilot;Agents,,,Copilot
app_declarative_agent,feat_agent_grounding,HAS_COMPONENT,directed,Declarative agents use grounding for responses.,Copilot;Agents,,,Copilot
app_declarative_agent,feat_agent_guardrails,HAS_COMPONENT,directed,Declarative agents have safety guardrails.,Copilot;Agents,,,Copilot
app_declarative_agent,feat_agent_handoff,HAS_COMPONENT,directed,Declarative agents can hand off to humans.,Copilot;Agents,,,Copilot
app_declarative_agent,feat_agent_memory,HAS_COMPONENT,directed,Declarative agents maintain conversation memory.,Copilot;Agents,,,Copilot
app_forms,feat_forms_responses,HAS_COMPONENT,directed,Forms stores templates and responses.,data,,,Forms
app_loop,feat_loop_components,HAS_COMPONENT,directed,Loop app includes components.,Loop,,,Loop
app_loop,feat_loop_pages,HAS_COMPONENT,directed,Loop app includes pages.,Loop,,,Loop
app_loop,feat_loop_workspace,HAS_COMPONENT,directed,Loop app includes workspaces.,Loop,,,Loop
app_onedrive,feat_od_file_requests,HAS_COMPONENT,directed,OneDrive includes file requests.,OneDrive,,,OneDrive
app_onedrive,feat_od_known_folder_move,HAS_COMPONENT,directed,OneDrive includes Known Folder Move.,OneDrive,,,OneDrive
app_onedrive,feat_od_offline_files,HAS_COMPONENT,directed,OneDrive includes offline files.,OneDrive,,,OneDrive
app_onedrive,feat_od_personal_vault,HAS_COMPONENT,directed,OneDrive includes Personal Vault.,OneDrive,,,OneDrive
app_onedrive,feat_od_sharing,HAS_COMPONENT,directed,OneDrive includes sharing capabilities.,OneDrive,,,OneDrive
app_onedrive,feat_od_shortcut,HAS_COMPONENT,directed,OneDrive includes shortcuts.,OneDrive,,,OneDrive
app_onedrive,feat_od_sync,HAS_COMPONENT,directed,OneDrive includes sync client.,OneDrive,,,OneDrive
app_outlook,feat_exo_focused_inbox,HAS_COMPONENT,directed,Outlook includes focused inbox.,Exchange_Online,,,Exchange
app_outlook,feat_exo_room_finder,HAS_COMPONENT,directed,Outlook includes room finder.,Exchange_Online,,,Exchange
app_planner,feat_planner_tasks,HAS_COMPONENT,directed,Planner manages task metadata.,tasks,,,Planner
app_sharepoint,feat_sp_content_types,HAS_COMPONENT,directed,SharePoint includes content types.,SharePoint_Online,,,SharePoint
app_sharepoint,feat_sp_document_library,HAS_COMPONENT,directed,SharePoint includes document libraries.,SharePoint_Online,,,SharePoint
app_sharepoint,feat_sp_file_requests,HAS_COMPONENT,directed,SharePoint includes file requests.,SharePoint_Online,,,SharePoint
app_sharepoint,feat_sp_hub_site,HAS_COMPONENT,directed,SharePoint includes hub sites.,SharePoint_Online,,,SharePoint
app_sharepoint,feat_sp_info_barriers,HAS_COMPONENT,directed,SharePoint includes information barriers.,SharePoint_Online,,,SharePoint
app_sharepoint,feat_sp_lists,HAS_COMPONENT,directed,SharePoint includes lists.,SharePoint_Online,,,SharePoint
app_sharepoint,feat_sp_pages,HAS_COMPONENT,directed,SharePoint includes pages.,SharePoint_Online,,,SharePoint
app_sharepoint,feat_sp_recycle_bin,HAS_COMPONENT,directed,SharePoint includes recycle bin.,SharePoint_Online,,,SharePoint
app_sharepoint,feat_sp_restricted_access,HAS_COMPONENT,directed,SharePoint includes restricted access control.,SharePoint_Online,,,SharePoint
app_sharepoint,feat_sp_search,HAS_COMPONENT,directed,SharePoint includes search.,SharePoint_Online,,,SharePoint
app_sharepoint,feat_sp_site_lifecycle,HAS_COMPONENT,directed,SharePoint includes site lifecycle policies.,SharePoint_Online,,,SharePoint
app_sharepoint,feat_sp_spfx,HAS_COMPONENT,directed,SharePoint includes SPFx development.,SharePoint_Online,,,SharePoint
app_sharepoint,feat_sp_syntex,HAS_COMPONENT,directed,SharePoint includes Syntex/Premium.,SharePoint_Online,,,SharePoint
app_sharepoint,feat_sp_term_store,HAS_COMPONENT,directed,SharePoint includes term store.,SharePoint_Online,,,SharePoint
app_sharepoint,feat_sp_versioning,HAS_COMPONENT,directed,SharePoint includes versioning.,SharePoint_Online,,,SharePoint
app_sway,feat_sway_content,HAS_COMPONENT,directed,Sway generates presentation content.,content,,,Sway
app_teams,feat_meeting_recordings,HAS_COMPONENT,directed,Teams includes meeting recordings.,Teams,,,Teams
app_teams,feat_meeting_transcriptions,HAS_COMPONENT,directed,Teams includes meeting transcriptions.,Teams,,,Teams
app_teams,feat_teams_breakout_rooms,HAS_COMPONENT,directed,Teams includes breakout rooms.,Teams,,,Teams
app_teams,feat_teams_call_history,HAS_COMPONENT,directed,Teams includes call history.,Teams,,,Teams
app_teams,feat_teams_cdr,HAS_COMPONENT,directed,Teams calling produces Call Detail Records.,compliance,,,Teams
app_teams,feat_teams_channels,HAS_COMPONENT,directed,Teams includes channels.,Teams,,,Teams
app_teams,feat_teams_chat,HAS_COMPONENT,directed,Teams includes chat functionality.,Teams,,,Teams
app_teams,feat_teams_intelligent_recap,HAS_COMPONENT,directed,Teams includes Intelligent Recap.,Teams,,,Teams
app_teams,feat_teams_live_events,HAS_COMPONENT,directed,Teams includes live events (legacy).,Teams,,,Teams
app_teams,feat_teams_meeting_chat_compliance,HAS_COMPONENT,directed,Teams meetings have chat compliance copies.,compliance,,,Teams
app_teams,feat_teams_meeting_notes,HAS_COMPONENT,directed,Teams meetings include meeting notes.,collaboration,,,Teams
app_teams,feat_teams_meeting_polls,HAS_COMPONENT,directed,Teams meetings include polls.,collaboration,,,Teams
app_teams,feat_teams_meeting_whiteboard,HAS_COMPONENT,directed,Teams meetings include whiteboard.,collaboration,,,Teams
app_teams,feat_teams_notes,HAS_COMPONENT,directed,Teams includes collaborative meeting notes.,Teams,,,Teams
app_teams,feat_teams_together_mode,HAS_COMPONENT,directed,Teams includes Together Mode.,Teams,,,Teams
app_teams,feat_teams_town_hall,HAS_COMPONENT,directed,Teams includes town hall capability.,Teams,,,Teams
app_teams,feat_teams_voicemail,HAS_COMPONENT,directed,Teams includes voicemail.,Teams,,,Teams
app_teams,feat_teams_webinar,HAS_COMPONENT,directed,Teams includes webinar capability.,Teams,,,Teams
app_teams_phone,feat_teams_queues,HAS_COMPONENT,directed,Teams Phone includes queues app.,Teams,,,Teams
app_whiteboard,feat_whiteboard_files,HAS_COMPONENT,directed,Whiteboard creates drawing files.,collaboration,,,Whiteboard
feat_teams_channels,feat_teams_channel_compliance,HAS_COMPONENT,directed,Channels have compliance copies.,compliance,,,Teams
feat_teams_channels,feat_teams_channel_email,HAS_COMPONENT,directed,Channels can receive forwarded emails.,collaboration,,,Teams
feat_teams_channels,feat_teams_channel_onenote,HAS_COMPONENT,directed,Channels have a default OneNote notebook.,collaboration,,,Teams
feat_teams_channels,feat_teams_channel_planner,HAS_COMPONENT,directed,Channels can have Planner task attachments.,collaboration,,,Teams
feat_teams_channels,feat_teams_private_channel_compliance,HAS_COMPONENT,directed,Private channels have compliance copies.,compliance,,,Teams
feat_teams_chat,feat_loop_in_teams_chat,HAS_COMPONENT,directed,Teams chat can contain Loop components.,collaboration,,,Teams
feat_teams_chat,feat_teams_chat_compliance,HAS_COMPONENT,directed,Chat has compliance copies.,compliance,,,Teams
store_exchange,feat_exo_auto_expanding_archive,HAS_COMPONENT,directed,Exchange includes auto-expanding archive.,Exchange_Online,,,Exchange
store_exchange,feat_exo_in_place_hold,HAS_COMPONENT,directed,Exchange includes in-place hold.,Exchange_Online,,,Exchange
store_exchange,feat_exo_litigation_hold,HAS_COMPONENT,directed,Exchange includes litigation hold.,Exchange_Online,,,Exchange
store_exchange,feat_exo_shared_mailbox,HAS_COMPONENT,directed,Exchange includes shared mailboxes.,Exchange_Online,,,Exchange
app_excel,copilot_excel,HAS_COPILOT,directed,Excel has Copilot integration.,Copilot,,,Copilot
app_forms,copilot_forms,HAS_COPILOT,directed,Forms has Copilot integration.,Copilot,,,Copilot
app_loop,copilot_loop,HAS_COPILOT,directed,Loop has Copilot integration.,Copilot,,,Copilot
app_onenote,copilot_onenote,HAS_COPILOT,directed,OneNote has Copilot integration.,Copilot,,,Copilot
app_outlook,copilot_outlook,HAS_COPILOT,directed,Outlook has Copilot integration.,Copilot,,,Copilot
app_planner,copilot_planner,HAS_COPILOT,directed,Planner has Copilot integration.,Copilot,,,Copilot
app_power_apps,copilot_power_apps,HAS_COPILOT,directed,Power Apps has Copilot integration.,Copilot,,,Copilot
app_power_automate,copilot_power_automate,HAS_COPILOT,directed,Power Automate has Copilot integration.,Copilot,,,Copilot
app_power_bi,copilot_power_bi,HAS_COPILOT,directed,Power BI has Copilot integration.,Copilot,,,Copilot
app_powerpoint,copilot_powerpoint,HAS_COPILOT,directed,PowerPoint has Copilot integration.,Copilot,,,Copilot
app_sharepoint,copilot_sharepoint,HAS_COPILOT,directed,SharePoint has Copilot integration.,Copilot,,,Copilot
app_stream,copilot_stream,HAS_COPILOT,directed,Stream has Copilot integration.,Copilot,,,Copilot
app_teams,copilot_teams,HAS_COPILOT,directed,Teams has Copilot integration.,Copilot,,,Copilot
app_viva_engage,copilot_viva_engage,HAS_COPILOT,directed,Viva Engage has Copilot integration.,Copilot,,,Copilot
app_whiteboard,copilot_whiteboard,HAS_COPILOT,directed,Whiteboard has Copilot integration.,Copilot,,,Copilot
app_word,copilot_word,HAS_COPILOT,directed,Word has Copilot integration.,Copilot,,,Copilot
feat_channel_general,feat_channel_files_general,HAS_FILES,directed,General channel has files.,Teams,,,Teams
feat_channel_private,feat_channel_files_private,HAS_FILES,directed,Private channel has files.,Teams,,,Teams
feat_channel_shared,feat_channel_files_shared,HAS_FILES,directed,Shared channel has files.,Teams,,,Teams
app_approvals,app_teams,INTEGRATES_WITH,directed,Approvals integrates with Teams.,Teams,,,Teams
app_bookings,app_teams,INTEGRATES_WITH,directed,Bookings integrates with Teams for virtual appointments.,Microsoft 365;Teams,,,Microsoft 365
app_copilot,tech_copilot_plugins,INTEGRATES_WITH,directed,Copilot extends via plugins.,Copilot,,,Copilot
app_defender_identity,app_entra_id,INTEGRATES_WITH,directed,Defender for Identity integrates with Entra ID.,Security;Identity,,,Security
app_employee_self_service_agent,app_teams,INTEGRATES_WITH,directed,Self-service agent surfaces in Teams.,Copilot;Agents;Teams,,,Copilot
app_forms,app_teams,INTEGRATES_WITH,directed,Forms integrates with Teams.,Microsoft 365;Teams,,,Microsoft 365
app_knowledge_agent,app_sharepoint,INTEGRATES_WITH,directed,Knowledge Agent grounded by SharePoint content.,Copilot;Agents,,,Copilot
app_lists,app_sharepoint,INTEGRATES_WITH,directed,Lists is built on SharePoint.,Microsoft 365,,,Microsoft 365
app_microsoft_search,app_teams,INTEGRATES_WITH,directed,Microsoft Search indexes Teams messages.,Search,,,Search
app_microsoft_search,store_exchange,INTEGRATES_WITH,directed,Microsoft Search indexes Exchange content.,Search,,,Search
app_microsoft_search,store_onedrive,INTEGRATES_WITH,directed,Microsoft Search indexes OneDrive content.,Search,,,Search
app_microsoft_search,store_sharepoint,INTEGRATES_WITH,directed,Microsoft Search indexes SharePoint content.,Search,,,Search
app_microsoft_search,tech_graph_connectors,INTEGRATES_WITH,directed,Microsoft Search uses Graph Connectors for external data.,Search,,,Search
app_planner,app_teams,INTEGRATES_WITH,directed,Planner integrates with Teams as a tab.,Microsoft 365;Teams,,,Microsoft 365
app_power_automate,app_teams,INTEGRATES_WITH,directed,Power Automate integrates with Teams.,Power_Platform;Teams,,,Power Platform
app_power_automate,store_exchange,INTEGRATES_WITH,directed,Power Automate integrates with Exchange.,Power_Platform;Exchange_Online,,,Power Platform
app_power_automate,store_sharepoint,INTEGRATES_WITH,directed,Power Automate integrates with SharePoint.,Power_Platform;SharePoint_Online,,,Power Platform
app_power_bi,store_sharepoint,INTEGRATES_WITH,directed,Power BI reports can be embedded in SharePoint.,Power_Platform;SharePoint_Online,,,Power Platform
app_sharepoint_agent,app_sharepoint,INTEGRATES_WITH,directed,SharePoint Agent integrates with SharePoint sites.,Copilot;Agents;SharePoint_Online,,,Copilot
app_shifts,app_teams,INTEGRATES_WITH,directed,Shifts integrates with Teams.,Teams;Frontline,,,Teams
app_stream,app_sharepoint,INTEGRATES_WITH,directed,Stream is built on SharePoint storage.,Microsoft 365,,,Microsoft 365
app_tasks,app_planner,INTEGRATES_WITH,directed,Tasks pulls from Planner.,Microsoft 365,,,Microsoft 365
app_tasks,app_teams,INTEGRATES_WITH,directed,Tasks integrates with Teams.,Microsoft 365;Teams,,,Microsoft 365
app_tasks,app_todo,INTEGRATES_WITH,directed,Tasks pulls from To Do.,Microsoft 365,,,Microsoft 365
app_teams_agent,app_teams,INTEGRATES_WITH,directed,Teams Agent surfaces in Teams as bot/extension.,Copilot;Agents;Teams,,,Copilot
app_teams_phone,app_teams,INTEGRATES_WITH,directed,Teams Phone integrates with Teams.,Teams;Voice,,,Teams
app_teams_rooms,app_teams,INTEGRATES_WITH,directed,Teams Rooms integrates with Teams.,Teams;Meetings,,,Teams
app_viva_connections,app_sharepoint,INTEGRATES_WITH,directed,Viva Connections built on SharePoint.,Viva;SharePoint_Online,,,Viva
app_viva_connections,app_teams,INTEGRATES_WITH,directed,Viva Connections surfaces in Teams.,Viva;Teams,,,Viva
app_viva_engage,app_teams,INTEGRATES_WITH,directed,Viva Engage surfaces in Teams.,Viva;Teams,,,Viva
app_viva_learning,app_teams,INTEGRATES_WITH,directed,Viva Learning surfaces in Teams.,Viva;Teams,,,Viva
feat_loop_in_onenote,app_onenote,INTEGRATES_WITH,directed,Loop component integrates with OneNote.,Loop,,,Loop
feat_loop_in_outlook,app_outlook,INTEGRATES_WITH,directed,Loop component integrates with Outlook.,Loop,,,Loop
feat_loop_in_teams_chat,app_teams,INTEGRATES_WITH,directed,Loop component integrates with Teams chat.,Loop;Teams,,,Loop
feat_loop_in_teams_meeting,app_teams,INTEGRATES_WITH,directed,Loop component integrates with Teams meetings.,Loop;Teams,,,Loop
feat_loop_in_whiteboard,app_whiteboard,INTEGRATES_WITH,directed,Loop component integrates with Whiteboard.,Loop,,,Loop
feat_studio_actions,app_power_automate,INTEGRATES_WITH,directed,Studio Actions can trigger Power Automate flows.,Copilot;Agents;Power_Platform,,,Copilot
feat_studio_channels,app_copilot_app,INTEGRATES_WITH,directed,Agents surface in Microsoft 365 Copilot app.,Copilot;Agents,,,Copilot
feat_studio_channels,app_teams,INTEGRATES_WITH,directed,Agents can be published to Teams.,Copilot;Agents;Teams,,,Copilot
feat_studio_dlp,comp_dlp_policy,INTEGRATES_WITH,directed,Studio DLP enforces org-wide DLP policies on agents.,Copilot;Agents;DLP,,,Compliance
feat_studio_knowledge,store_dataverse,INTEGRATES_WITH,directed,Knowledge Sources can query Dataverse tables.,Copilot;Agents,,,Copilot
feat_studio_knowledge,store_onedrive,INTEGRATES_WITH,directed,Knowledge Sources can index OneDrive content.,Copilot;Agents,,,Copilot
feat_studio_knowledge,store_sharepoint,INTEGRATES_WITH,directed,Knowledge Sources can index SharePoint content.,Copilot;Agents,,,Copilot
feat_studio_knowledge,tech_graph_connectors,INTEGRATES_WITH,directed,Knowledge Sources can use Graph Connectors for external data.,Copilot;Agents,,,Copilot
tech_graph,app_teams,INTEGRATES_WITH,directed,Microsoft Graph accesses Teams data.,Technology,,,Technology
tech_graph,store_exchange,INTEGRATES_WITH,directed,Microsoft Graph accesses Exchange data.,Technology,,,Technology
tech_graph,store_onedrive,INTEGRATES_WITH,directed,Microsoft Graph accesses OneDrive data.,Technology,,,Technology
tech_graph,store_sharepoint,INTEGRATES_WITH,directed,Microsoft Graph accesses SharePoint data.,Technology,,,Technology
comp_adaptive_protection,suite_purview,PART_OF,directed,Adaptive Protection is a Purview feature.,Compliance,,,Compliance
comp_audit_premium,suite_purview,PART_OF,directed,Audit Premium is a Purview feature.,Compliance,,,Compliance
comp_audit_standard,suite_purview,PART_OF,directed,Audit Standard is a Purview feature.,Compliance,,,Compliance
comp_communication_compliance,suite_purview,PART_OF,directed,Communication Compliance is a Purview feature.,Compliance,,,Compliance
comp_compliance_manager,suite_purview,PART_OF,directed,Compliance Manager is a Purview feature.,Compliance,,,Compliance
comp_content_search,suite_purview,PART_OF,directed,Content Search is a Purview feature.,Compliance,,,Compliance
comp_customer_lockbox,suite_purview,PART_OF,directed,Customer Lockbox is a Purview feature.,Compliance,,,Compliance
comp_data_connectors,suite_purview,PART_OF,directed,Data Connectors is a Purview feature.,Compliance,,,Compliance
comp_data_lifecycle,suite_purview,PART_OF,directed,Data Lifecycle Management is a Purview feature.,Compliance,,,Compliance
comp_dlp_policy,suite_purview,PART_OF,directed,DLP Policy is a Purview feature.,Compliance,,,Compliance
comp_ediscovery,suite_purview,PART_OF,directed,eDiscovery is a Purview feature.,Compliance,,,Compliance
comp_ediscovery_premium,suite_purview,PART_OF,directed,eDiscovery Premium is a Purview feature.,Compliance,,,Compliance
comp_exact_data_match,suite_purview,PART_OF,directed,Exact Data Match is a Purview feature.,Compliance,,,Compliance
comp_info_barriers,suite_purview,PART_OF,directed,Information Barriers is a Purview feature.,Compliance,,,Compliance
comp_insider_risk,suite_purview,PART_OF,directed,Insider Risk Management is a Purview feature.,Compliance,,,Compliance
comp_irm,suite_purview,PART_OF,directed,IRM is a Purview feature.,Compliance,,,Compliance
comp_pam,suite_purview,PART_OF,directed,Privileged Access Management is a Purview feature.,Compliance,,,Compliance
comp_records_management,suite_purview,PART_OF,directed,Records Management is a Purview feature.,Compliance,,,Compliance
comp_retention_policy,suite_purview,PART_OF,directed,Retention Policy is a Purview feature.,Compliance,,,Compliance
comp_sensitivity_label,suite_purview,PART_OF,directed,Sensitivity Label is a Purview feature.,Compliance,,,Compliance
comp_sit,suite_purview,PART_OF,directed,Sensitive Information Types is a Purview feature.,Compliance,,,Compliance
comp_trainable_classifiers,suite_purview,PART_OF,directed,Trainable Classifiers is a Purview feature.,Compliance,,,Compliance
svc_compliance,suite_purview,PART_OF,directed,Compliance Service is part of Purview.,Compliance,,,Compliance
svc_graph_api,tech_graph,PART_OF,directed,Graph API is the interface to Microsoft Graph.,Technology,,,Technology
tech_graph_connectors,tech_graph,PART_OF,directed,Graph Connectors extend Microsoft Graph.,Technology,,,Technology
tech_substrate_sdf,svc_substrate,PART_OF,directed,Substrate Data Fabric is part of Substrate.,Technology,,,Technology
app_access,suite_m365,PART_OF_SUITE,directed,Access is part of Microsoft 365.,Microsoft 365,,,Microsoft 365
app_agents_m365,suite_copilot,PART_OF_SUITE,directed,Agents in M365 are part of the Copilot suite.,Copilot,,,Copilot
app_autonomous_agent,suite_copilot,PART_OF_SUITE,directed,Autonomous Agent is part of the Copilot suite.,Copilot;Agents,,,Copilot
app_bookings,suite_m365,PART_OF_SUITE,directed,Bookings is part of Microsoft 365.,Microsoft 365,,,Microsoft 365
app_clipchamp,suite_m365,PART_OF_SUITE,directed,Clipchamp is part of Microsoft 365.,Microsoft 365,,,Microsoft 365
app_copilot,suite_copilot,PART_OF_SUITE,directed,M365 Copilot is part of the Copilot suite.,Copilot,,,Copilot
app_copilot_app,suite_copilot,PART_OF_SUITE,directed,Copilot app is part of the Copilot suite.,Copilot,,,Copilot
app_copilot_chat,suite_copilot,PART_OF_SUITE,directed,Copilot Chat is part of the Copilot suite.,Copilot,,,Copilot
app_copilot_lite_agents,suite_copilot,PART_OF_SUITE,directed,Lite Agents are part of the Copilot suite.,Copilot,,,Copilot
app_copilot_notebooks,suite_copilot,PART_OF_SUITE,directed,Copilot Notebooks is part of the Copilot suite.,Copilot,,,Copilot
app_copilot_pages,suite_copilot,PART_OF_SUITE,directed,Copilot Pages is part of the Copilot suite.,Copilot,,,Copilot
app_copilot_search,suite_copilot,PART_OF_SUITE,directed,Copilot Search is part of the Copilot suite.,Copilot,,,Copilot
app_copilot_studio,suite_copilot,PART_OF_SUITE,directed,Copilot Studio is part of the Copilot suite.,Copilot,,,Copilot
app_copilot_studio,suite_power_platform,PART_OF_SUITE,directed,Copilot Studio is also part of Power Platform.,Power_Platform,,,Power Platform
app_custom_engine_agent,suite_copilot,PART_OF_SUITE,directed,Custom Engine Agent is part of the Copilot suite.,Copilot;Agents,,,Copilot
app_declarative_agent,suite_copilot,PART_OF_SUITE,directed,Declarative Agent is part of the Copilot suite.,Copilot;Agents,,,Copilot
app_defender_cloud_apps,suite_defender,PART_OF_SUITE,directed,Defender for Cloud Apps is part of Defender suite.,Security,,,Security
app_defender_endpoint,suite_defender,PART_OF_SUITE,directed,Defender for Endpoint is part of Defender suite.,Security,,,Security
app_defender_identity,suite_defender,PART_OF_SUITE,directed,Defender for Identity is part of Defender suite.,Security,,,Security
app_delve,suite_m365,PART_OF_SUITE,directed,Delve is part of Microsoft 365.,Microsoft 365,,,Microsoft 365
app_designer,suite_m365,PART_OF_SUITE,directed,Designer is part of Microsoft 365.,Microsoft 365,,,Microsoft 365
app_employee_self_service_agent,suite_copilot,PART_OF_SUITE,directed,Employee Self-Service Agent is part of the Copilot suite.,Copilot;Agents,,,Copilot
app_entra_id,suite_m365,PART_OF_SUITE,directed,Entra ID is part of Microsoft 365.,Microsoft 365,,,Microsoft 365
app_excel,suite_m365,PART_OF_SUITE,directed,Excel is part of Microsoft 365.,Microsoft 365,,,Microsoft 365
app_forms,suite_m365,PART_OF_SUITE,directed,Forms is part of Microsoft 365.,Microsoft 365,,,Microsoft 365
app_knowledge_agent,suite_copilot,PART_OF_SUITE,directed,Knowledge Agent is part of the Copilot suite.,Copilot,,,Copilot
app_lists,suite_m365,PART_OF_SUITE,directed,Lists is part of Microsoft 365.,Microsoft 365,,,Microsoft 365
app_loop,suite_m365,PART_OF_SUITE,directed,Loop is part of Microsoft 365.,Microsoft 365,,,Microsoft 365
app_m365_groups,suite_m365,PART_OF_SUITE,directed,Microsoft 365 Groups is part of Microsoft 365.,Microsoft 365,,,Microsoft 365
app_microsoft_search,suite_m365,PART_OF_SUITE,directed,Microsoft Search is part of Microsoft 365.,Microsoft 365,,,Microsoft 365
app_onedrive,suite_m365,PART_OF_SUITE,directed,OneDrive is part of Microsoft 365.,Microsoft 365,,,Microsoft 365
app_onenote,suite_m365,PART_OF_SUITE,directed,OneNote is part of Microsoft 365.,Microsoft 365,,,Microsoft 365
app_outlook,suite_m365,PART_OF_SUITE,directed,Outlook is part of Microsoft 365.,Microsoft 365,,,Microsoft 365
app_people,suite_m365,PART_OF_SUITE,directed,People is part of Microsoft 365.,Microsoft 365,,,Microsoft 365
app_places,suite_m365,PART_OF_SUITE,directed,Places is part of Microsoft 365.,Microsoft 365,,,Microsoft 365
app_planner,suite_m365,PART_OF_SUITE,directed,Planner is part of Microsoft 365.,Microsoft 365,,,Microsoft 365
app_power_apps,suite_power_platform,PART_OF_SUITE,directed,Power Apps is part of Power Platform.,Power_Platform,,,Power Platform
app_power_automate,suite_power_platform,PART_OF_SUITE,directed,Power Automate is part of Power Platform.,Power_Platform,,,Power Platform
app_power_bi,suite_power_platform,PART_OF_SUITE,directed,Power BI is part of Power Platform.,Power_Platform,,,Power Platform
app_power_pages,suite_power_platform,PART_OF_SUITE,directed,Power Pages is part of Power Platform.,Power_Platform,,,Power Platform
app_powerpoint,suite_m365,PART_OF_SUITE,directed,PowerPoint is part of Microsoft 365.,Microsoft 365,,,Microsoft 365
app_project,suite_m365,PART_OF_SUITE,directed,Project for the web is part of Microsoft 365.,Microsoft 365,,,Microsoft 365
app_sharepoint,suite_m365,PART_OF_SUITE,directed,SharePoint is part of Microsoft 365.,Microsoft 365,,,Microsoft 365
app_sharepoint_agent,suite_copilot,PART_OF_SUITE,directed,SharePoint Agent is part of the Copilot suite.,Copilot;Agents,,,Copilot
app_stream,suite_m365,PART_OF_SUITE,directed,Stream is part of Microsoft 365.,Microsoft 365,,,Microsoft 365
app_sway,suite_m365,PART_OF_SUITE,directed,Sway is part of Microsoft 365.,Microsoft 365,,,Microsoft 365
app_teams,suite_m365,PART_OF_SUITE,directed,Teams is part of Microsoft 365.,Microsoft 365,,,Microsoft 365
app_teams_agent,suite_copilot,PART_OF_SUITE,directed,Teams Agent is part of the Copilot suite.,Copilot;Agents,,,Copilot
app_teams_premium,suite_m365,PART_OF_SUITE,directed,Teams Premium is part of Microsoft 365.,Microsoft 365,,,Microsoft 365
app_todo,suite_m365,PART_OF_SUITE,directed,To Do is part of Microsoft 365.,Microsoft 365,,,Microsoft 365
app_viva_amplify,suite_viva,PART_OF_SUITE,directed,Viva Amplify is part of Microsoft Viva.,Viva,,,Viva
app_viva_connections,suite_viva,PART_OF_SUITE,directed,Viva Connections is part of Microsoft Viva.,Viva,,,Viva
app_viva_engage,suite_viva,PART_OF_SUITE,directed,Viva Engage is part of Microsoft Viva.,Viva,,,Viva
app_viva_glint,suite_viva,PART_OF_SUITE,directed,Viva Glint is part of Microsoft Viva.,Viva,,,Viva
app_viva_goals,suite_viva,PART_OF_SUITE,directed,Viva Goals is part of Microsoft Viva.,Viva,,,Viva
app_viva_insights,suite_viva,PART_OF_SUITE,directed,Viva Insights is part of Microsoft Viva.,Viva,,,Viva
app_viva_learning,suite_viva,PART_OF_SUITE,directed,Viva Learning is part of Microsoft Viva.,Viva,,,Viva
app_viva_pulse,suite_viva,PART_OF_SUITE,directed,Viva Pulse is part of Microsoft Viva.,Viva,,,Viva
app_whiteboard,suite_m365,PART_OF_SUITE,directed,Whiteboard is part of Microsoft 365.,Microsoft 365,,,Microsoft 365
app_word,suite_m365,PART_OF_SUITE,directed,Word is part of Microsoft 365.,Microsoft 365,,,Microsoft 365
app_copilot,tech_azure_openai,POWERED_BY,directed,Copilot powered by Azure OpenAI Service.,Copilot;AI,,,Copilot
app_copilot,tech_graph,POWERED_BY,directed,Copilot powered by Microsoft Graph.,Copilot,,,Copilot
app_copilot_studio,tech_azure_openai,POWERED_BY,directed,Copilot Studio uses Azure OpenAI for generative answers.,Copilot;AI,,,Copilot
app_copilot_studio,tech_copilot_plugins,POWERED_BY,directed,Copilot Studio builds plugins/agents.,Copilot,,,Copilot
feat_loop_components,tech_fluid,POWERED_BY,directed,Loop Components powered by Fluid Framework.,Loop,,,Loop
feat_sp_spfx,tech_spfx,POWERED_BY,directed,SPFx feature powered by SharePoint Framework tech.,Technology,,,Technology
feat_sp_syntex,tech_graph,POWERED_BY,directed,SharePoint Premium uses Graph for AI processing.,Technology,,,Technology
feat_studio_orchestrator,tech_graph,POWERED_BY,directed,Orchestrator uses Microsoft Graph for data access.,Copilot;AI,,,Copilot
feat_studio_plugins,tech_copilot_plugins,POWERED_BY,directed,Studio plugins built on Copilot plugin framework.,Copilot;Agents,,,Copilot
feat_teams_notes,tech_fluid,POWERED_BY,directed,Teams Notes powered by Fluid Framework.,Technology,,,Technology
store_spe_shared,tech_spe,POWERED_BY,directed,Shared SPE containers powered by SharePoint Embedded tech.,Technology,,,Technology
store_spe_user,tech_spe,POWERED_BY,directed,User SPE containers powered by SharePoint Embedded tech.,Technology,,,Technology
tech_azure_openai,tech_rag,POWERED_BY,directed,Azure OpenAI uses RAG pattern for grounding.,AI,,,Technology
app_defender_cloud_apps,app_teams,PROTECTED_BY,directed,Defender for Cloud Apps protects Teams.,Security,,,Security
app_defender_cloud_apps,store_exchange,PROTECTED_BY,directed,Defender for Cloud Apps protects Exchange.,Security,,,Security
app_defender_cloud_apps,store_onedrive,PROTECTED_BY,directed,Defender for Cloud Apps protects OneDrive.,Security,,,Security
app_defender_cloud_apps,store_sharepoint,PROTECTED_BY,directed,Defender for Cloud Apps protects SharePoint.,Security,,,Security
app_autonomous_agent,app_copilot_studio,PROVISIONED_BY,directed,Autonomous agents built in Copilot Studio.,Copilot;Agents,,,Copilot
app_custom_engine_agent,app_copilot_studio,PROVISIONED_BY,directed,Custom engine agents built in Copilot Studio.,Copilot;Agents,,,Copilot
app_declarative_agent,app_copilot_studio,PROVISIONED_BY,directed,Declarative agents built in Copilot Studio.,Copilot;Agents,,,Copilot
app_employee_self_service_agent,app_copilot_studio,PROVISIONED_BY,directed,Self-service agents prebuilt by Microsoft via Studio.,Copilot;Agents,,,Copilot
app_sharepoint_agent,app_copilot_studio,PROVISIONED_BY,directed,SharePoint agents built via Copilot Studio or SharePoint UI.,Copilot;Agents,,,Copilot
app_teams_agent,app_copilot_studio,PROVISIONED_BY,directed,Teams agents built in Copilot Studio.,Copilot;Agents,,,Copilot
feat_loop_workspace,tech_spe,PROVISIONED_BY,directed,Loop Workspace provisioned by SharePoint Embedded.,Loop,,,Loop
store_exchange,geo_eu,RESIDES_IN_GEO,directed,Exchange data can reside in EU.,Multi_Geo,,,Data Residency
store_exchange,geo_us,RESIDES_IN_GEO,directed,Exchange data can reside in US.,Multi_Geo,,,Data Residency
store_onedrive,geo_eu,RESIDES_IN_GEO,directed,OneDrive data can reside in EU.,Multi_Geo,,,Data Residency
store_onedrive,geo_us,RESIDES_IN_GEO,directed,OneDrive data can reside in US.,Multi_Geo,,,Data Residency
store_sharepoint,geo_eu,RESIDES_IN_GEO,directed,SharePoint data can reside in EU.,Multi_Geo,,,Data Residency
store_sharepoint,geo_us,RESIDES_IN_GEO,directed,SharePoint data can reside in US.,Multi_Geo,,,Data Residency
store_teams_service,geo_eu,RESIDES_IN_GEO,directed,Teams data can reside in EU.,Multi_Geo,,,Data Residency
store_teams_service,geo_us,RESIDES_IN_GEO,directed,Teams data can reside in US.,Multi_Geo,,,Data Residency
store_onedrive,store_sharepoint,SHARES_BACKEND,directed,OneDrive is built on SharePoint Online.,Infrastructure,,,Infrastructure
feat_loop_components,store_onedrive,STORED_IN,directed,Standalone Loop components stored in OneDrive.,Loop,OneDrive/Root,.loop;.fluid,Loop
feat_loop_in_onenote,store_onedrive,STORED_IN,directed,Loop in OneNote stored in OneDrive.,Loop,OneDrive/OneNote Loop Files,.loop;.fluid,Loop
feat_loop_in_outlook,store_onedrive,STORED_IN,directed,Loop in Outlook stored in OneDrive.,Loop,OneDrive/Attachments,.loop;.fluid,Loop
feat_loop_in_teams_chat,store_onedrive,STORED_IN,directed,Loop in Teams chat stored in OneDrive.,Loop,OneDrive/Microsoft Teams Chat Files,.loop;.fluid,Loop
feat_loop_in_teams_meeting,store_onedrive,STORED_IN,directed,Loop in Teams meeting stored in OneDrive.,Loop,OneDrive/Meetings,.loop;.fluid,Loop
feat_loop_in_whiteboard,store_onedrive,STORED_IN,directed,Loop in Whiteboard stored in OneDrive.,Loop,OneDrive/Whiteboard/Components,.loop;.fluid,Loop
app_outlook,id_m365_group,USES_OBJECT,directed,Outlook Groups use M365 Group.,Identity,,,Identity
app_planner,id_m365_group,USES_OBJECT,directed,Planner uses M365 Group.,Identity,,,Identity
app_sharepoint,id_m365_group,USES_OBJECT,directed,SharePoint team sites use M365 Group.,Identity,,,Identity
app_teams,id_m365_group,USES_OBJECT,directed,Teams uses M365 Group for membership.,Identity,,,Identity
app_viva_engage,id_m365_group,USES_OBJECT,directed,Viva Engage communities use M365 Group.,Identity,,,Identity
# ============================================================
# CONTAINERS, FOLDERS, SCENARIOS, DATA TYPES, FEATURES, SERVICES, LIMITS
# ============================================================
container_user_mailbox,store_exchange,STORED_IN,directed,User mailbox container hosted in Exchange Online.,Exchange,,,Exchange
container_group_mailbox,store_exchange,STORED_IN,directed,Group mailbox container hosted in Exchange Online.,Exchange,,,Exchange
container_doc_library,store_sharepoint,STORED_IN,directed,Document library container hosted in SharePoint.,SharePoint,,,SharePoint
container_onedrive_library,store_onedrive,STORED_IN,directed,OneDrive library container hosted in OneDrive.,OneDrive,,,OneDrive
container_user_mailbox,id_user_account,BOUND_TO_IDENTITY,directed,User mailbox bound to user account.,Identity,,,Identity
container_group_mailbox,id_m365_group,BOUND_TO_IDENTITY,directed,Group mailbox bound to M365 Group.,Identity,,,Identity
container_doc_library,id_m365_group,BOUND_TO_IDENTITY,directed,Document library bound to M365 Group.,Identity,,,Identity
container_onedrive_library,id_user_account,BOUND_TO_IDENTITY,directed,OneDrive library bound to user account.,Identity,,,Identity
folder_teams_chat_files,container_onedrive_library,STORED_IN,directed,Teams Chat Files folder in OneDrive library.,Teams;OneDrive,OneDrive/Microsoft Teams Chat Files,,Teams
folder_channel_general,container_doc_library,STORED_IN,directed,General channel folder in SharePoint document library.,Teams;SharePoint,/sites/TeamSite/Shared Documents/General,,Teams
folder_recordings,container_onedrive_library,STORED_IN,directed,Recordings folder in OneDrive for private meetings.,Meetings,OneDrive/Recordings,,Teams
folder_recordings,container_doc_library,STORED_IN,directed,Recordings folder in SharePoint for channel meetings.,Meetings,/sites/TeamSite/Shared Documents/Recordings,,Teams
app_teams,folder_teams_chat_files,HAS_FILES,directed,Teams chat files go to this OneDrive folder.,Teams,,,Teams
app_teams,folder_channel_general,HAS_FILES,directed,Teams General channel files go to this folder.,Teams,,,Teams
app_teams,folder_recordings,HAS_FILES,directed,Teams meeting recordings go to this folder.,Teams,,,Teams
scenario_teams_chat,app_teams,ASSOCIATED_WITH,directed,Teams Chat scenario uses Teams.,Teams,,,Teams
scenario_teams_channel_standard,app_teams,ASSOCIATED_WITH,directed,Standard Channel scenario uses Teams.,Teams,,,Teams
scenario_teams_channel_private,app_teams,ASSOCIATED_WITH,directed,Private Channel scenario uses Teams.,Teams,,,Teams
scenario_teams_channel_shared,app_teams,ASSOCIATED_WITH,directed,Shared Channel scenario uses Teams.,Teams,,,Teams
scenario_teams_meeting_private,app_teams,ASSOCIATED_WITH,directed,Private Meeting scenario uses Teams.,Teams,,,Teams
scenario_teams_meeting_channel,app_teams,ASSOCIATED_WITH,directed,Channel Meeting scenario uses Teams.,Teams,,,Teams
scenario_outlook_mail,app_outlook,ASSOCIATED_WITH,directed,Mail scenario uses Outlook.,Outlook,,,Exchange
scenario_outlook_calendar,app_outlook,ASSOCIATED_WITH,directed,Calendar scenario uses Outlook.,Outlook,,,Exchange
scenario_loop_component_teams,app_loop,ASSOCIATED_WITH,directed,Loop in Teams scenario uses Loop.,Loop;Teams,,,Loop
scenario_loop_component_teams,app_teams,ASSOCIATED_WITH,directed,Loop in Teams scenario uses Teams.,Loop;Teams,,,Loop
scenario_forms_survey,app_forms,ASSOCIATED_WITH,directed,Forms Survey scenario uses Forms.,Forms,,,Microsoft 365
scenario_planner_task,app_planner,ASSOCIATED_WITH,directed,Planner Task scenario uses Planner.,Planner,,,Microsoft 365
scenario_copilot_interaction,app_copilot,ASSOCIATED_WITH,directed,Copilot Interaction scenario uses M365 Copilot.,Copilot,,,Copilot
scenario_teams_chat,store_teams_service,DATA_STORED_IN,directed,Chat messages stored in Teams Service.,Teams,,,Teams
scenario_teams_chat,store_onedrive,DATA_STORED_IN,directed,Chat files stored in OneDrive.,Teams,OneDrive/Microsoft Teams Chat Files,,Teams
scenario_teams_chat,container_user_mailbox,HAS_COMPLIANCE_COPY,directed,Chat compliance copies in user mailbox.,Teams;Compliance,,,Teams
scenario_teams_channel_standard,store_sharepoint,DATA_STORED_IN,directed,Standard channel files in SharePoint.,Teams,,,Teams
scenario_teams_channel_standard,container_group_mailbox,HAS_COMPLIANCE_COPY,directed,Channel compliance copies in group mailbox.,Teams;Compliance,,,Teams
scenario_teams_meeting_private,store_onedrive,DATA_STORED_IN,directed,Private meeting recordings in OneDrive.,Teams;Meetings,OneDrive/Recordings,.mp4,Teams
scenario_teams_meeting_channel,store_sharepoint,DATA_STORED_IN,directed,Channel meeting recordings in SharePoint.,Teams;Meetings,/sites/TeamSite/Shared Documents/Recordings,.mp4,Teams
scenario_outlook_mail,store_exchange,DATA_STORED_IN,directed,Email stored in Exchange.,Outlook,,,Exchange
scenario_outlook_calendar,store_exchange,DATA_STORED_IN,directed,Calendar items stored in Exchange.,Outlook,,,Exchange
scenario_loop_component_teams,store_onedrive,DATA_STORED_IN,directed,Loop components in Teams stored in OneDrive.,Loop,OneDrive/Microsoft Teams Chat Files,.loop;.fluid,Loop
scenario_forms_survey,store_azure_cosmos,DATA_STORED_IN,directed,Form responses stored in Cosmos DB.,Forms,,,Microsoft 365
scenario_planner_task,store_azure_cosmos,DATA_STORED_IN,directed,Planner tasks stored in Azure infrastructure.,Planner,,,Microsoft 365
scenario_planner_task,store_sharepoint,DATA_STORED_IN,directed,Planner attachments stored in SharePoint.,Planner,,,Microsoft 365
scenario_copilot_interaction,container_user_mailbox,HAS_COMPLIANCE_COPY,directed,Copilot interactions compliance copy in user mailbox.,Copilot;Compliance,,,Copilot
data_channel_file,store_sharepoint,DATA_STORED_IN,directed,Channel files stored in SharePoint.,Teams;Files,,,Teams
data_channel_file,folder_channel_general,STORED_IN,directed,Channel files stored in channel folder.,Teams,,,Teams
data_chat_shared_file,store_onedrive,DATA_STORED_IN,directed,Chat shared files stored in OneDrive.,Teams;Files,OneDrive/Microsoft Teams Chat Files,,Teams
data_chat_shared_file,folder_teams_chat_files,STORED_IN,directed,Chat files stored in Teams Chat Files folder.,Teams,,,Teams
data_meeting_recording_private,store_onedrive,DATA_STORED_IN,directed,Private recording stored in OneDrive.,Meetings,OneDrive/Recordings,.mp4,Teams
data_meeting_recording_private,folder_recordings,STORED_IN,directed,Private recording in Recordings folder.,Meetings,,,Teams
data_meeting_recording_channel,store_sharepoint,DATA_STORED_IN,directed,Channel recording stored in SharePoint.,Meetings,/sites/TeamSite/Shared Documents/Recordings,.mp4,Teams
data_meeting_transcript_private,store_onedrive,DATA_STORED_IN,directed,Private transcript stored in OneDrive.,Meetings,OneDrive/Recordings,.vtt,Teams
data_meeting_transcript_private,folder_recordings,STORED_IN,directed,Private transcript in Recordings folder.,Meetings,,,Teams
data_meeting_transcript_channel,store_sharepoint,DATA_STORED_IN,directed,Channel transcript stored in SharePoint.,Meetings,/sites/TeamSite/Shared Documents/Recordings,.vtt,Teams
data_meeting_chat_message,store_teams_service,DATA_STORED_IN,directed,Meeting chat messages in Teams Service.,Teams;Meetings,,,Teams
data_meeting_chat_message,container_user_mailbox,HAS_COMPLIANCE_COPY,directed,Meeting chat compliance copy in user mailbox.,Teams;Compliance,,,Teams
data_loop_component,store_onedrive,DATA_STORED_IN,directed,Loop components stored in OneDrive.,Loop,,.loop;.fluid,Loop
data_planner_task_attachment,store_sharepoint,DATA_STORED_IN,directed,Planner attachments stored in SharePoint.,Planner,,,Microsoft 365
data_copilot_interaction_record,container_user_mailbox,DATA_STORED_IN,directed,Copilot interaction records in user mailbox.,Copilot;Compliance,,,Copilot
data_accessed_resource,data_copilot_interaction_record,ASSOCIATED_WITH,directed,Accessed resources linked to interaction record.,Copilot,,,Copilot
app_teams,data_channel_file,GENERATES,directed,Teams generates channel files.,Teams,,,Teams
app_teams,data_chat_shared_file,GENERATES,directed,Teams generates chat shared files.,Teams,,,Teams
app_teams,data_meeting_recording_private,GENERATES,directed,Teams generates private recordings.,Teams;Meetings,,,Teams
app_teams,data_meeting_recording_channel,GENERATES,directed,Teams generates channel recordings.,Teams;Meetings,,,Teams
app_teams,data_meeting_transcript_private,GENERATES,directed,Teams generates private transcripts.,Teams;Meetings,,,Teams
app_teams,data_meeting_transcript_channel,GENERATES,directed,Teams generates channel transcripts.,Teams;Meetings,,,Teams
app_teams,data_meeting_chat_message,GENERATES,directed,Teams generates meeting chat messages.,Teams;Meetings,,,Teams
app_loop,data_loop_component,GENERATES,directed,Loop generates components.,Loop,,,Loop
app_planner,data_planner_task_attachment,GENERATES,directed,Planner generates task attachments.,Planner,,,Microsoft 365
app_copilot,data_copilot_interaction_record,GENERATES,directed,Copilot generates interaction records.,Copilot,,,Copilot
app_word,feature_comments,HAS_COMPONENT,directed,Word supports comments.,Collaboration,,,Microsoft 365
app_excel,feature_comments,HAS_COMPONENT,directed,Excel supports comments.,Collaboration,,,Microsoft 365
app_powerpoint,feature_comments,HAS_COMPONENT,directed,PowerPoint supports comments.,Collaboration,,,Microsoft 365
app_loop,feature_comments,HAS_COMPONENT,directed,Loop supports comments.,Collaboration,,,Microsoft 365
app_word,feature_mentions,HAS_COMPONENT,directed,Word supports @mentions.,Collaboration,,,Microsoft 365
app_excel,feature_mentions,HAS_COMPONENT,directed,Excel supports @mentions.,Collaboration,,,Microsoft 365
app_powerpoint,feature_mentions,HAS_COMPONENT,directed,PowerPoint supports @mentions.,Collaboration,,,Microsoft 365
app_loop,feature_mentions,HAS_COMPONENT,directed,Loop supports @mentions.,Collaboration,,,Microsoft 365
app_teams,feature_mentions,HAS_COMPONENT,directed,Teams supports @mentions.,Collaboration,,,Microsoft 365
app_word,feature_real_time_coauthoring,HAS_COMPONENT,directed,Word supports real-time co-authoring.,Collaboration,,,Microsoft 365
app_excel,feature_real_time_coauthoring,HAS_COMPONENT,directed,Excel supports real-time co-authoring.,Collaboration,,,Microsoft 365
app_powerpoint,feature_real_time_coauthoring,HAS_COMPONENT,directed,PowerPoint supports real-time co-authoring.,Collaboration,,,Microsoft 365
app_loop,feature_real_time_coauthoring,HAS_COMPONENT,directed,Loop supports real-time co-authoring.,Collaboration,,,Microsoft 365
app_onenote,feature_real_time_coauthoring,HAS_COMPONENT,directed,OneNote supports real-time co-authoring.,Collaboration,,,Microsoft 365
app_whiteboard,feature_real_time_coauthoring,HAS_COMPONENT,directed,Whiteboard supports real-time co-authoring.,Collaboration,,,Microsoft 365
app_teams,feature_compliance_copy,HAS_COMPONENT,directed,Teams has compliance copy capability.,Compliance,,,Compliance
app_copilot,feature_compliance_copy,HAS_COMPONENT,directed,Copilot has compliance copy capability.,Compliance,,,Compliance
app_viva_engage,feature_compliance_copy,HAS_COMPONENT,directed,Viva Engage has compliance copy capability.,Compliance,,,Compliance
app_teams,feature_audit_logging,HAS_COMPONENT,directed,Teams has audit logging.,Audit,,,Compliance
app_sharepoint,feature_audit_logging,HAS_COMPONENT,directed,SharePoint has audit logging.,Audit,,,Compliance
app_outlook,feature_audit_logging,HAS_COMPONENT,directed,Outlook/Exchange has audit logging.,Audit,,,Compliance
app_copilot,feature_audit_logging,HAS_COMPONENT,directed,Copilot has audit logging.,Audit,,,Compliance
feature_compliance_copy,container_user_mailbox,DATA_STORED_IN,directed,Compliance copies stored in user mailbox.,Compliance,,,Compliance
feature_compliance_copy,container_group_mailbox,DATA_STORED_IN,directed,Compliance copies stored in group mailbox.,Compliance,,,Compliance
feature_audit_logging,service_purview_audit,DEPENDS_ON_SERVICE,directed,Audit logging depends on Purview Audit service.,Audit,,,Compliance
service_entra_id,layer_identity,PART_OF,directed,Entra ID is part of the identity layer.,Identity,,,Identity
service_entra_id,id_user_account,CONTAINS,directed,Entra ID contains user accounts.,Identity,,,Identity
service_entra_id,id_m365_group,CONTAINS,directed,Entra ID contains M365 Groups.,Identity,,,Identity
service_purview_audit,suite_purview,PART_OF,directed,Purview Audit is part of Purview.,Compliance,,,Compliance
layer_identity,id_user_account,CONTAINS,directed,Identity layer contains user accounts.,Identity,,,Identity
layer_identity,id_m365_group,CONTAINS,directed,Identity layer contains M365 Groups.,Identity,,,Identity
limit_sp_file_size,store_sharepoint,APPLIES_POLICY,directed,File size limit applies to SharePoint.,Limits,,,Storage
limit_sp_file_size,store_onedrive,APPLIES_POLICY,directed,File size limit applies to OneDrive.,Limits,,,Storage
limit_od_storage_base,store_onedrive,APPLIES_POLICY,directed,Storage limit applies to OneDrive.,Limits,,,Storage
